#N+,N2+,N3+,N4+,O+,O2+,O4+,NO+,N2O+,NO2+,H+,H2+,H3+,OH+,H2O+,H3O+,e,O-,O2-,O3-,O4-,NO-,N2O-,NO2-,NO3-,H-,OH-,N(2_D),N2(A_3_Sigma),N2(B_3_Pi),O(1_D),H,N,O,O2(a_1_Delta),O3,NO,N2O,NO2,NO3,N2O3,N2O4,N2O5,H2,OH,HO2,H2O2,HNO,HNO2,HNO3,N2,O2,H2O,Time(s),StepNo
0,0,0,0,0,0,0,0,0,0,0,0,0,0,0,0,997.436,0,0,0,0,0,0,0,0,0,0,0,0,0,0,0,0,0,0,0,0,0,0,0,0,0,0,0,0,0,0,0,0,0,1.92e+25,4.8e+24,6.8546e+23,0,0
0,0,0,0,0,0,0,0,0,0,0,0,0,0,0,0,992.318,0,0,0,0,0,0,0,0,0,0,0,0,0,0,0,0,0,0,0,0,0,0,0,0,0,0,0,0,0,0,0,0,0,1.92e+25,4.8e+24,6.8546e+23,1e-10,1
0,0,0,0,0,0,0,0,0,0,0,0,0,0,0,0,982.104,0,10.2139,0,0,0,0,0,0,0,0,0,0,0,0,0,0,0,0,0,0,0,0,0,0,0,0,0,0,0,0,0,0,0,1.92e+25,4.8e+24,6.8546e+23,3e-10,2
0,0,0,0,0,0,0,0,0,0,0,0,0,0,0,0,971.923,0,20.3119,0,0,0,0,0,0,0,0,0,0,0,0,0,0,0,0,0,0,0,0,0,0,0,0,0,0,0,0,0,0,0,1.92e+25,4.8e+24,6.8546e+23,5e-10,3
0,0,0,0,0,0,0,0,0,0,0,0,0,0,0,0,966.852,0,25.3004,0,0,0,0,0,0,0,0,0,0,0,0,0,0,0,0,0,0,0,0,0,0,0,0,0,0,0,0,0,0,0,1.92e+25,4.8e+24,6.8546e+23,6e-10,4
0,0,0,0,0,0,0,0,0,0,0,0,0,0,0,0,963.052,0,29.0208,0,0,0,0,0,0,0,0,0,0,0,0,0,0,0,0,0,0,0,0,0,0,0,0,0,0,0,0,0,0,0,1.92e+25,4.8e+24,6.8546e+23,6.75e-10,6
0,0,0,0,0,0,0,0,0,0,0,0,0,0,0,0,960.513,0,31.5001,0,0,0,0,0,0,0,0,0,0,0,0,0,0,0,0,0,0,0,0,0,0,0,0,0,0,0,0,0,0,0,1.92e+25,4.8e+24,6.8546e+23,7.25e-10,8
0,0,0,0,0,0,0,0,0,0,0,0,0,0,0,0,957.963,0,33.9851,0,0,0,0,0,0,0,0,0,0,0,0,0,0,0,0,0,0,0,0,0,0,0,0,0,0,0,0,0,0,0,1.92e+25,4.8e+24,6.8546e+23,7.75e-10,10
0,0,0,0,0,0,0,0,0,0,0,0,0,0,0,0,955.398,0,36.4794,0,0,0,0,0,0,0,0,0,0,0,0,0,0,0,0,0,0,0,0,0,0,0,0,0,0,0,0,0,0,0,1.92e+25,4.8e+24,6.8546e+23,8.25e-10,12
0,0,0,0,0,0,0,0,0,0,0,0,0,0,0,0,952.815,0,38.9874,0,0,0,0,0,0,0,0,0,0,0,0,0,0,0,0,0,0,0,0,0,0,0,0,0,0,0,0,0,0,0,1.92e+25,4.8e+24,6.8546e+23,8.75e-10,14
0,0,0,0,0,0,0,0,0,0,0,0,0,0,0,0,950.208,0,41.5142,0,0,0,0,0,0,0,0,0,0,0,0,0,0,0,0,0,0,0,0,0,0,0,0,0,0,0,0,0,0,0,1.92e+25,4.8e+24,6.8546e+23,9.25e-10,16
0,0,0,0,0,0,0,0,0,0,0,0,0,0,0,0,947.571,0,44.0655,0,0,0,0,0,0,0,0,0,0,0,0,0,0,0,0,0,0,0,0,0,0,0,0,0,0,0,0,0,0,0,1.92e+25,4.8e+24,6.8546e+23,9.75e-10,18
0,0,0,0,0,0,0,0,0,0,0,0,0,0,0,0,944.897,0,46.6482,0,0,0,0,0,0,0,0,0,0,0,0,0,0,0,0,0,0,0,0,0,0,0,0,0,0,0,0,0,0,0,1.92e+25,4.8e+24,6.8546e+23,1.025e-09,20
0,0,0,0,0,0,0,0,0,0,0,0,0,0,0,0,913.952,0,76.3759,0,0,0,0,0,0,0,0,0,0,0,0,0,0,0,0,0,0,0,0,0,0,0,0,0,0,0,0,0,0,0,1.92e+25,4.8e+24,6.8546e+23,1.525e-09,40
0,0,0,0,0,0,0,0,0,0,0,0,0,0,0,0,872.732,0,115.672,0,0,0,0,0,0,0,0,0,0,0,0,0,0,0,0,0,0,0,0,0,0,0,0,0,0,0,0,0,0,0,1.92e+25,4.8e+24,6.8546e+23,2.025e-09,60
0,0,0,0,0,0,0,0,0,0,0,0,0,0,0,0,834.507,0,148.872,0,0,0,0,0,0,0,0,0,0,0,0,0,0,0,35.7964,0,0,0,0,0,0,0,0,0,0,0,0,0,0,0,1.92e+25,4.8e+24,6.8546e+23,2.9e-09,80
0,0,0,0,0,0,0,0,0,0,0,0,0,0,0,0,804.305,0,153.164,0,0,0,0,0,0,0,0,0,0,0,0,0,0,872.673,624.382,0,0,0,0,0,0,0,0,0,0,0,0,0,0,0,1.92e+25,4.8e+24,6.8546e+23,3.45e-09,320
0,0,0,0,0,0,0,0,0,0,0,0,0,0,0,0,767.289,0,163.868,0,0,0,0,0,0,0,0,0,0,956.974,865.338,0,0,4844.98,1408.02,0,0,0,0,0,0,0,0,0,0,0,0,0,0,0,1.92e+25,4.8e+24,6.8546e+23,3.73262e-09,640
0,0,0,0,0,0,0,0,0,0,0,0,0,0,0,0,1572.74,0,235.468,0,0,0,0,0,0,0,0,355.311,3864.55,6625.15,8137.9,0,2968.3,33070.8,3970.88,0,0,0,0,0,0,0,0,0,0,0,0,0,0,0,1.92e+25,4.8e+24,6.8546e+23,4.21367e-09,1280
0,1.65495e+08,0,1.00808e+07,2351.58,6.49299e+07,164238,827.225,0,0,35389.1,0,0,177608,1.48173e+07,697983,2.4806e+08,4.16849e+06,2.61837e+06,20305.2,2775.76,0,0,0,0,1.21517e+06,323164,1.73943e+08,1.70813e+08,3.94963e+08,4.77434e+08,3.7122e+07,6.64578e+08,1.17484e+09,7.54741e+07,880.062,247649,2096.77,0,0,0,0,0,451749,4.5229e+07,289617,0,0,0,0,1.92e+25,4.8e+24,6.8546e+23,4.95566e-09,5120
5258.21,3.72336e+14,156736,3.44528e+13,2.38444e+07,3.0614e+14,5.30852e+12,4.64787e+09,0,4002.54,1.96595e+09,5.21927e+06,0,3.52959e+10,1.49377e+14,4.55669e+13,7.56282e+14,7.28389e+13,4.65949e+13,2.11679e+12,4.29278e+11,0,0,0,0,1.01458e+13,2.4816e+13,9.90778e+14,2.62635e+15,3.54378e+15,4.72065e+15,3.39891e+14,2.94636e+15,1.83846e+16,1.52478e+15,2.85401e+11,1.02171e+13,3.24916e+11,11121.6,0,0,0,0,1.28622e+13,8.0721e+14,1.80468e+13,659.828,0,0,0,1.92e+25,4.8e+24,6.8546e+23,6.12202e-09,7680
98.7535,1.4243e+14,404648,1.35935e+13,5698.56,5.58081e+14,2.26611e+13,4.74333e+09,0,42748.5,2.82798e+06,27493.4,0,1.97889e+09,1.24456e+14,1.53838e+14,7.43866e+14,9.39118e+13,7.27399e+13,9.00223e+12,1.96971e+12,0,0,0,0,2.69467e+12,9.08807e+13,1.146e+15,5.23106e+15,2.09438e+15,5.06874e+15,4.5248e+14,3.40629e+15,3.37239e+16,3.14149e+15,1.58062e+12,3.43966e+13,1.41727e+12,76964.8,0,0,0,0,2.68676e+13,2.0906e+15,4.42156e+13,23905.2,0,0,0,1.92e+25,4.8e+24,6.8546e+23,6.72437e-09,8320
15.5863,5.39906e+13,429547,5.15377e+12,2375.5,6.47461e+14,4.23186e+13,4.80265e+09,0,87725,9767.14,334.897,0,1.76745e+08,6.00221e+13,2.06303e+14,7.34668e+14,5.76108e+13,7.78687e+13,1.32132e+13,3.41202e+12,0,0,0,0,7.58933e+10,1.28406e+14,1.12588e+15,5.80783e+15,6.55907e+14,3.645e+15,4.52581e+14,3.40812e+15,3.69799e+16,3.42301e+15,3.09067e+12,5.47794e+13,2.14598e+12,143138,0,0,0,0,2.80845e+13,2.83608e+15,4.81694e+13,75731.6,0,0,0,1.92e+25,4.8e+24,6.8546e+23,7.22437e-09,8640
0,2.04589e+13,388398,1.95294e+12,937.443,6.73917e+14,6.37228e+13,4.86686e+09,0,131215,33.7332,0,0,1.5786e+07,2.52926e+13,2.29905e+14,7.19383e+14,3.3042e+13,9.2934e+13,1.52419e+13,4.99852e+12,0,0,0,0,1.12682e+09,1.49654e+14,1.10563e+15,5.94094e+15,1.97099e+14,2.59587e+15,4.5126e+14,3.40835e+15,3.84356e+16,3.45477e+15,4.73562e+12,7.47966e+13,2.57128e+12,218168,0,0,0,0,2.81078e+13,3.34729e+15,4.96436e+13,156259,0,0,0,1.92e+25,4.8e+24,6.8546e+23,7.72437e-09,8960
0,7.75261e+12,330368,7.40039e+11,363.211,6.71638e+14,8.5444e+13,4.93189e+09,0,169212,0,0,0,1.40993e+06,1.00892e+13,2.39586e+14,6.89233e+14,1.89478e+13,1.22257e+14,1.59936e+13,6.99642e+12,0,0,0,0,1.67301e+07,1.61826e+14,1.08574e+15,5.94518e+15,5.92276e+13,1.85236e+15,4.49943e+14,3.40858e+15,3.92678e+16,3.47468e+15,6.43047e+12,9.44539e+13,2.81526e+12,313555,0,0,0,0,2.81081e+13,3.70161e+15,5.10629e+13,260343,0,0,0,1.92e+25,4.8e+24,6.8546e+23,8.22437e-09,9280
0,4.44136e+12,297203,4.23958e+11,209.923,6.64504e+14,9.7803e+13,4.96887e+09,0,188236,0,0,0,352528,5.87842e+12,2.42199e+14,6.72902e+14,1.3769e+13,1.37817e+14,1.60793e+13,8.38817e+12,0,0,0,0,1.49561e+06,1.66299e+14,1.07449e+15,5.92781e+15,2.97021e+13,1.52786e+15,4.49189e+14,3.40871e+15,3.96059e+16,3.48519e+15,7.40877e+12,1.05581e+14,2.90494e+12,380220,0,0,0,0,2.81081e+13,3.8547e+15,5.18755e+13,328667,0,1800.81,0,1.92e+25,4.8e+24,6.8546e+23,8.51147e-09,9600
0,1.68299e+12,244463,1.60652e+11,80.469,6.47788e+14,1.18938e+14,5.03211e+09,0,216779,0,0,0,31486.1,2.26705e+12,2.44412e+14,6.52598e+14,7.89578e+12,1.56414e+14,1.58701e+13,1.11059e+13,0,0,0,0,22205.6,1.71371e+14,1.05516e+15,5.88555e+15,8.92539e+12,1.09535e+15,4.47878e+14,3.40893e+15,4.00537e+16,3.50249e+15,9.10416e+12,1.24685e+14,3.00669e+12,511874,0,0,0,0,2.81081e+13,4.05812e+15,5.32876e+13,459366,0,5919.84,0,1.92e+25,4.8e+24,6.8546e+23,9.01147e-09,9920
0,6.37743e+11,199619,6.08769e+10,30.75,6.28936e+14,1.39484e+14,5.09361e+09,0,240163,0,0,0,2812.18,8.66894e+11,2.45263e+14,6.36374e+14,4.52781e+12,1.70616e+14,1.5393e+13,1.40642e+13,0,0,0,0,329.69,1.74279e+14,1.03618e+15,5.83787e+15,2.68206e+12,7.88705e+14,4.46571e+14,3.40915e+15,4.03849e+16,3.5188e+15,1.07766e+13,1.43445e+14,3.06508e+12,658025,0,0,0,0,2.81081e+13,4.20279e+15,5.46955e+13,601666,0,10923.3,0,1.92e+25,4.8e+24,6.8546e+23,9.51147e-09,10240
0,5.38915e+09,71937.1,5.14431e+08,0,5.38046e+14,2.31406e+14,5.36916e+09,0,305160,0,0,0,0,7.39511e+09,2.45781e+14,5.64705e+14,2.94365e+11,2.29239e+14,1.21409e+13,3.09373e+13,956.87,0,0,529.162,0,1.77935e+14,9.47846e+14,5.59867e+15,7.22665e+09,1.78358e+14,4.402e+14,3.41016e+15,4.12659e+16,3.59091e+15,1.84962e+13,2.30767e+14,3.13863e+12,1.54511e+06,0,0,0,0,2.81081e+13,4.50521e+15,6.1548e+13,1.38984e+06,0,47524.8,0,1.92e+25,4.8e+24,6.8546e+23,1.19662e-08,11200
0,332467,8997.55,31736.2,0,3.91396e+14,3.78063e+14,5.81092e+09,0,336995,0,0,0,0,456401,2.45786e+14,4.42221e+14,1.15566e+09,3.15888e+14,7.03263e+12,7.19184e+13,1344.98,0,0,20977.7,0,1.78188e+14,7.9132e+14,5.14184e+15,4.5133e+06,3.92161e+13,4.27534e+14,3.41196e+15,4.21272e+16,3.72083e+15,3.18309e+13,3.85497e+14,3.14386e+12,4.0392e+06,0,0,0,0,2.81081e+13,4.62148e+15,7.5129e+13,3.12497e+06,0,175147,0,1.92e+25,4.8e+24,6.8546e+23,1.6938e-08,12000
0,0,1112.07,0,0,2.84882e+14,4.84574e+14,6.13469e+09,0,340982,0,0,0,0,10.7133,2.45785e+14,3.44894e+14,1.02247e+07,3.72943e+14,4.04869e+12,1.15173e+14,1419.85,0,0,74603.2,0,1.78189e+14,6.59969e+14,4.72002e+15,3.76663e+06,2.9165e+13,4.15115e+14,3.41346e+15,4.28184e+16,3.8399e+15,4.32011e+13,5.15342e+14,3.14395e+12,7.22912e+06,0,0,0,0,2.81081e+13,4.6722e+15,8.83921e+13,4.92344e+06,0,364901,0,1.92e+25,4.8e+24,6.8546e+23,2.1938e-08,12800
0,0,142.547,0,0,2.0938e+14,5.60074e+14,6.3671e+09,0,341472,0,0,0,0,0,2.45785e+14,2.69862e+14,6.94941e+06,4.09932e+14,2.35699e+12,1.54905e+14,1348.45,0,0,169408,0,1.78189e+14,5.52514e+14,4.34063e+15,3.18544e+06,2.43041e+13,4.03267e+14,3.4147e+15,4.34272e+16,3.9469e+15,5.32259e+13,6.21566e+14,3.144e+12,1.08027e+07,0,0,0,0,2.81081e+13,4.71229e+15,1.01e+14,6.71776e+06,0,601074,0,1.92e+25,4.8e+24,6.8546e+23,2.68318e-08,13000
0,0,17.4736,0,0,1.53531e+14,6.15921e+14,6.54204e+09,0,341535,0,0,0,0,0,2.45785e+14,2.09728e+14,7.81332e+06,4.35186e+14,1.35613e+12,1.90784e+14,1205.56,0,0,314436,0,1.78189e+14,4.60774e+14,3.98448e+15,2.68416e+06,2.02648e+13,3.91471e+14,3.41575e+15,4.39901e+16,4.0473e+15,6.28564e+13,7.12257e+14,3.14405e+12,1.47745e+07,0,0,0,0,2.81081e+13,4.74653e+15,1.1351e+14,8.58014e+06,0,886228,0,1.92e+25,4.8e+24,6.8546e+23,3.18318e-08,13200
0,0,0,0,0,1.1741e+14,6.52041e+14,6.65777e+09,0,341539,0,0,0,0,0,2.45785e+14,1.67845e+14,8.44565e+06,4.50457e+14,8.33707e+11,2.17918e+14,1058.37,0,0,482670,0,1.78189e+14,3.92726e+14,3.69531e+15,2.30869e+06,1.7272e+13,3.81345e+14,3.41652e+15,4.4441e+16,4.12877e+15,7.10607e+13,7.79526e+14,3.14408e+12,1.84611e+07,0,0,0,0,2.81081e+13,4.77197e+15,1.24215e+14,1.02397e+07,572.495,1.1684e+06,0,1.92e+25,4.8e+24,6.8546e+23,3.62318e-08,13400
0,0,0,0,0,9.95584e+13,6.69892e+14,6.71626e+09,0,341538,0,0,0,0,0,2.45785e+14,1.45965e+14,8.78429e+06,4.57672e+14,6.14806e+11,2.32801e+14,965.076,0,0,606322,0,1.78189e+14,3.5538e+14,3.5253e+15,2.10113e+06,1.56295e+13,3.75136e+14,3.41695e+15,4.47035e+16,4.17666e+15,7.61191e+13,8.16447e+14,3.1441e+12,2.08342e+07,0,0,0,0,2.81081e+13,4.78596e+15,1.30765e+14,1.12854e+07,1120.47,1.35765e+06,0,1.92e+25,4.8e+24,6.8546e+23,3.89818e-08,13450
0,0,0,0,0,7.42597e+13,6.9519e+14,6.80162e+09,0,341538,0,0,0,0,0,2.45785e+14,1.1314e+14,9.3069e+06,4.67501e+14,3.5294e+11,2.56058e+14,802.807,0,0,865124,0,1.78189e+14,2.96298e+14,3.23587e+15,1.77028e+06,1.30311e+13,3.64077e+14,3.41762e+15,4.5146e+16,4.25816e+15,8.52499e+13,8.74855e+14,3.14413e+12,2.52538e+07,0,0,0,0,2.81081e+13,4.80813e+15,1.42403e+14,1.32012e+07,2152.6,1.72385e+06,0,1.92e+25,4.8e+24,6.8546e+23,4.39818e-08,13500
0,0,0,0,0,5.60253e+13,7.13423e+14,6.8663e+09,0,341538,0,0,0,0,0,2.45784e+14,8.76507e+13,9.72943e+06,4.7429e+14,2.02622e+11,2.74908e+14,657.313,0,0,1.16389e+06,0,1.78189e+14,2.47039e+14,2.9702e+15,1.49153e+06,1.08647e+13,3.53315e+14,3.41818e+15,4.55471e+16,4.33293e+15,9.43524e+13,9.23553e+14,3.14416e+12,2.9779e+07,0,0,0,0,2.81081e+13,4.82666e+15,1.53698e+14,1.51334e+07,3217.63,2.11487e+06,0,1.92e+25,4.8e+24,6.8546e+23,4.89818e-08,13550
0,0,0,0,0,4.28827e+13,7.26565e+14,6.9161e+09,0,341537,0,0,0,0,0,2.45784e+14,6.78777e+13,1.00721e+07,4.79038e+14,1.16337e+11,2.90018e+14,531.867,0,0,1.49744e+06,0,1.78189e+14,2.05969e+14,2.72634e+15,1.25667e+06,9.05846e+12,3.42843e+14,3.41865e+15,4.59109e+16,4.40155e+15,1.03466e+14,9.64157e+14,3.14418e+12,3.43833e+07,0,0,0,0,2.81081e+13,4.84216e+15,1.64658e+14,1.70792e+07,4302.4,2.52672e+06,0,1.92e+25,4.8e+24,6.8546e+23,5.39818e-08,13600
0,0,0,0,0,3.341e+13,7.36037e+14,6.95518e+09,0,341537,0,0,0,0,0,2.45784e+14,5.25501e+13,1.0351e+07,4.824e+14,6.68072e+10,3.02032e+14,426.506,0,0,1.86072e+06,0,1.78189e+14,1.71727e+14,2.50251e+15,1.0588e+06,7.5525e+12,3.32656e+14,3.41904e+15,4.62411e+16,4.46451e+15,1.12612e+14,9.98012e+14,3.1442e+12,3.9048e+07,0,0,0,0,2.81081e+13,4.85512e+15,1.75293e+14,1.90365e+07,5396.47,2.95606e+06,0,1.92e+25,4.8e+24,6.8546e+23,5.89818e-08,13650
0,0,0,0,0,2.65824e+13,7.42864e+14,6.98654e+09,0,341537,0,0,0,0,0,2.45784e+14,4.0675e+13,1.05789e+07,4.84808e+14,3.83768e+10,3.11527e+14,339.639,0,0,2.24905e+06,0,1.78189e+14,1.43178e+14,2.29705e+15,892076,6.29691e+12,3.22749e+14,3.41936e+15,4.6541e+16,4.52228e+15,1.21799e+14,1.02624e+15,3.14421e+12,4.37595e+07,0,0,0,0,2.81081e+13,4.86596e+15,1.85612e+14,2.10034e+07,6491.56,3.40005e+06,0,1.92e+25,4.8e+24,6.8546e+23,6.39818e-08,13700
0,0,0,0,0,2.16614e+13,7.47784e+14,7.01236e+09,0,341536,0,0,0,0,0,2.45784e+14,3.14785e+13,1.0766e+07,4.86553e+14,2.20577e+10,3.18994e+14,268.986,0,0,2.65827e+06,0,1.78189e+14,1.19375e+14,2.10846e+15,751609,5.25006e+12,3.13115e+14,3.41963e+15,4.68133e+16,4.5753e+15,1.3103e+14,1.04978e+15,3.14423e+12,4.85078e+07,0,0,0,0,2.81081e+13,4.87504e+15,1.95623e+14,2.29785e+07,7581.14,3.85631e+06,0,1.92e+25,4.8e+24,6.8546e+23,6.89818e-08,13750
0,0,0,0,0,1.81145e+13,7.5133e+14,7.03419e+09,0,341536,0,0,0,0,0,2.45784e+14,2.43584e+13,1.09204e+07,4.87829e+14,1.26907e+10,3.24847e+14,212.105,0,0,3.08478e+06,0,1.78189e+14,9.95288e+13,1.93536e+15,633260,4.37724e+12,3.0375e+14,3.41985e+15,4.70609e+16,4.62395e+15,1.40306e+14,1.0694e+15,3.14424e+12,5.32853e+07,0,0,0,0,2.81081e+13,4.88264e+15,2.05335e+14,2.49603e+07,8660.12,4.32284e+06,0,1.92e+25,4.8e+24,6.8546e+23,7.39818e-08,13800
0,0,0,0,0,1.5558e+13,7.53886e+14,7.05315e+09,0,341536,0,0,0,0,0,2.45784e+14,1.88472e+13,1.10484e+07,4.88771e+14,7.31429e+09,3.29421e+14,166.67,0,0,3.52553e+06,0,1.78188e+14,8.29823e+13,1.77646e+15,533546,3.64953e+12,2.94647e+14,3.42003e+15,4.72858e+16,4.6686e+15,1.49624e+14,1.08576e+15,3.14425e+12,5.80865e+07,0,0,0,0,2.81081e+13,4.889e+15,2.14756e+14,2.69478e+07,9724.55,4.79797e+06,0,1.92e+25,4.8e+24,6.8546e+23,7.89818e-08,13850
0,0,0,0,0,1.37154e+13,7.55729e+14,7.07004e+09,0,341535,0,0,0,0,0,2.45783e+14,1.45821e+13,1.11553e+07,4.89472e+14,4.22854e+09,3.32987e+14,130.6,0,0,3.97795e+06,0,1.78188e+14,6.91866e+13,1.63061e+15,449533,3.0428e+12,2.85801e+14,3.42018e+15,4.74903e+16,4.70957e+15,1.58982e+14,1.09941e+15,3.14426e+12,6.29068e+07,0,0,0,0,2.81081e+13,4.89434e+15,2.23895e+14,2.89401e+07,10771.4,5.28028e+06,0,1.92e+25,4.8e+24,6.8546e+23,8.39818e-08,13900
0,0,0,0,0,1.23873e+13,7.57056e+14,7.08545e+09,0,341535,0,0,0,0,0,2.45783e+14,1.12816e+13,1.12449e+07,4.89997e+14,2.45762e+09,3.35764e+14,102.104,0,0,4.43991e+06,0,1.78188e+14,5.76844e+13,1.49674e+15,378749,2.53694e+12,2.77205e+14,3.42031e+15,4.76762e+16,4.74717e+15,1.68378e+14,1.11078e+15,3.14426e+12,6.77429e+07,0,0,0,0,2.81081e+13,4.89881e+15,2.32759e+14,3.09365e+07,11798.3,5.7686e+06,0,1.92e+25,4.8e+24,6.8546e+23,8.89818e-08,13950
0,0,0,0,0,1.143e+13,7.58013e+14,7.09979e+09,0,341535,0,0,0,0,0,2.45783e+14,8.72784e+12,1.13205e+07,4.90393e+14,1.44137e+09,3.37923e+14,79.6771,0,0,4.90966e+06,0,1.78188e+14,4.80945e+13,1.37385e+15,319111,2.11518e+12,2.68854e+14,3.42041e+15,4.78453e+16,4.78168e+15,1.77808e+14,1.12027e+15,3.14427e+12,7.25919e+07,0,0,0,0,2.81081e+13,4.90256e+15,2.41356e+14,3.29362e+07,12803.8,6.26193e+06,0,1.92e+25,4.8e+24,6.8546e+23,9.39818e-08,14000
0,0,0,0,0,1.07401e+13,7.58702e+14,7.11337e+09,0,341534,0,0,0,0,0,2.45783e+14,6.75202e+12,1.13847e+07,4.90693e+14,8.58282e+08,3.39599e+14,62.0821,0,0,5.38576e+06,0,1.78188e+14,4.00988e+13,1.26106e+15,268864,1.76353e+12,2.60742e+14,3.4205e+15,4.79989e+16,4.81336e+15,1.87269e+14,1.12818e+15,3.14427e+12,7.74517e+07,0,0,0,0,2.81081e+13,4.90571e+15,2.49694e+14,3.49388e+07,13786.4,6.75946e+06,0,1.92e+25,4.8e+24,6.8546e+23,9.89818e-08,14050
0,0,0,0,0,9.09838e+12,7.60341e+14,7.20827e+09,0,341532,0,0,0,0,0,2.45782e+14,9.1663e+11,1.16597e+07,4.91541e+14,8.51253e+07,3.44583e+14,0,0,0,9.19889e+06,0,1.78188e+14,9.75646e+12,6.48313e+14,71060,4.29087e+11,2.05273e+14,3.42079e+15,4.87997e+16,4.98534e+15,2.6149e+14,1.15823e+15,3.1443e+12,1.15385e+08,0,0,0,0,2.81081e+13,4.91802e+15,3.0639e+14,5.05371e+07,20595,1.07041e+07,0,1.92e+25,4.8e+24,6.8546e+23,1.37782e-07,14250
0,0,0,0,0,8.96437e+12,7.60471e+14,7.32516e+09,0,341530,0,0,0,0,0,2.45781e+14,7.02436e+10,1.17757e+07,4.91657e+14,7.61698e+07,3.45309e+14,0,0,0,1.42175e+07,0,1.78187e+14,1.5784e+12,2.75053e+14,12790.5,6.94181e+10,1.50434e+14,3.42082e+15,4.92272e+16,5.09003e+15,3.58325e+14,1.16638e+15,3.14431e+12,1.64515e+08,0,0,0,0,2.81081e+13,4.92176e+15,3.61979e+14,7.06999e+07,27363.8,1.58698e+07,0,1.92e+25,4.8e+24,6.8546e+23,1.87782e-07,14500
0,0,0,0,0,8.95913e+12,7.6047e+14,7.49401e+09,0,341527,0,0,0,0,0,2.45779e+14,2.07609e+09,1.18091e+07,4.91662e+14,7.68556e+07,3.45364e+14,0,0,0,2.15148e+07,0,1.78187e+14,1.12239e+11,7.9369e+13,1064.99,4.93637e+09,9.56198e+13,3.42073e+15,4.93587e+16,5.1449e+15,4.99315e+14,1.16793e+15,3.14433e+12,2.3579e+08,0,0,0,0,2.81081e+13,4.92269e+15,4.17186e+14,9.99241e+07,34093.8,2.33784e+07,0,1.92e+25,4.8e+24,6.8546e+23,2.60182e-07,14750
0,0,0,0,0,8.95904e+12,7.60466e+14,7.61062e+09,0,341526,0,0,0,0,0,2.45778e+14,5.40874e+08,1.18012e+07,4.9166e+14,7.71154e+07,3.45364e+14,0,0,0,2.65571e+07,0,1.78186e+14,1.80375e+10,3.36233e+13,191.129,7.93337e+08,6.98461e+13,3.42066e+15,4.93249e+16,5.15771e+15,5.96735e+14,1.16809e+15,3.14434e+12,2.85039e+08,0,0,0,0,2.81081e+13,4.92282e+15,4.43053e+14,1.20113e+08,37237.1,2.8567e+07,0,1.92e+25,4.8e+24,6.8546e+23,3.10182e-07,14875
0,0,0,0,0,8.95899e+12,7.60462e+14,7.72723e+09,0,341526,0,0,0,0,0,2.45777e+14,4.25392e+08,1.17844e+07,4.91657e+14,7.73083e+07,3.45362e+14,0,0,0,3.15999e+07,0,1.78186e+14,2.89882e+09,1.4244e+13,34.301,1.27513e+08,5.09962e+13,3.42059e+15,4.92545e+16,5.16314e+15,6.94047e+14,1.16818e+15,3.14435e+12,3.34291e+08,0,0,0,0,2.81081e+13,4.92286e+15,4.61943e+14,1.40303e+08,39523,3.37561e+07,0,1.92e+25,4.8e+24,6.8546e+23,3.60182e-07,15000
0,0,0,0,0,8.95895e+12,7.60458e+14,7.84384e+09,0,341526,0,0,0,0,0,2.45775e+14,4.1692e+08,1.17638e+07,4.91654e+14,7.74727e+07,3.4536e+14,0,0,0,3.66429e+07,0,1.78185e+14,4.65914e+08,6.03422e+12,0,2.05007e+07,3.72239e+13,3.42052e+15,4.91688e+16,5.16543e+15,7.91204e+14,1.16825e+15,3.14436e+12,3.83538e+08,0,0,0,0,2.81081e+13,4.92288e+15,4.75733e+14,1.60495e+08,41182.2,3.89456e+07,0,1.92e+25,4.8e+24,6.8546e+23,4.10182e-07,15125
0,0,0,0,0,8.9589e+12,7.60454e+14,7.96045e+09,0,341527,0,0,0,0,0,2.45774e+14,4.16632e+08,1.17417e+07,4.91651e+14,7.76251e+07,3.45358e+14,0,0,0,4.16862e+07,0,1.78185e+14,7.49018e+07,2.5563e+12,0,3.29839e+06,2.7167e+13,3.42045e+15,4.90767e+16,5.16639e+15,8.88183e+14,1.16832e+15,3.14438e+12,4.32779e+08,0,0,0,0,2.81081e+13,4.92289e+15,4.85799e+14,1.80688e+08,42383.7,4.41355e+07,0,1.92e+25,4.8e+24,6.8546e+23,4.60182e-07,15250
0,0,0,0,0,8.95885e+12,7.6045e+14,8.07706e+09,0,341528,0,0,0,0,0,2.45773e+14,4.17042e+08,1.1719e+07,4.91649e+14,7.77721e+07,3.45356e+14,0,0,0,4.67297e+07,0,1.78185e+14,1.20489e+07,1.08293e+12,0,531700,1.98258e+13,3.42038e+15,4.8982e+16,5.1668e+15,9.84978e+14,1.16839e+15,3.14439e+12,4.8201e+08,0,0,0,0,2.81081e+13,4.92289e+15,4.93144e+14,2.00882e+08,43251.1,4.93256e+07,0,1.92e+25,4.8e+24,6.8546e+23,5.10182e-07,15375
0,0,0,0,0,8.9588e+12,7.60446e+14,8.19367e+09,0,341530,0,0,0,0,0,2.45772e+14,4.17554e+08,1.16961e+07,4.91646e+14,7.79167e+07,3.45354e+14,0,0,0,5.17735e+07,0,1.78184e+14,1.94137e+06,4.58766e+11,0,86139.6,1.44679e+13,3.42031e+15,4.88863e+16,5.16696e+15,1.08159e+15,1.16846e+15,3.1444e+12,5.3123e+08,0,0,0,0,2.81081e+13,4.9229e+15,4.98505e+14,2.21077e+08,43874.7,5.45161e+07,0,1.92e+25,4.8e+24,6.8546e+23,5.60182e-07,15500
0,0,0,0,0,8.95875e+12,7.60442e+14,8.31028e+09,0,341532,0,0,0,0,0,2.4577e+14,4.18107e+08,1.1673e+07,4.91643e+14,7.80601e+07,3.45352e+14,0,0,0,5.68175e+07,0,1.78184e+14,314132,1.94348e+11,0,14137,1.0558e+13,3.42024e+15,4.87904e+16,5.16703e+15,1.178e+15,1.16853e+15,3.14441e+12,5.80438e+08,0,0,0,0,2.81081e+13,4.9229e+15,5.02417e+14,2.41272e+08,44320.4,5.97069e+07,0,1.92e+25,4.8e+24,6.8546e+23,6.10182e-07,15625
0,0,0,0,0,8.95871e+12,7.60438e+14,8.42689e+09,0,341535,0,0,0,0,0,2.45769e+14,4.18685e+08,1.165e+07,4.9164e+14,7.82029e+07,3.4535e+14,0,0,0,6.18617e+07,0,1.78183e+14,51390.8,8.23325e+10,0,2396.82,7.70494e+12,3.42017e+15,4.86943e+16,5.16705e+15,1.27423e+15,1.1686e+15,3.14442e+12,6.29633e+08,0,0,0,0,2.81081e+13,4.9229e+15,5.05272e+14,2.61467e+08,44636.5,6.4898e+07,0,1.92e+25,4.8e+24,6.8546e+23,6.60182e-07,15750
0,0,0,0,0,8.95866e+12,7.60434e+14,8.5435e+09,0,341539,0,0,0,0,0,2.45768e+14,4.1928e+08,1.1627e+07,4.91637e+14,7.83452e+07,3.45348e+14,0,0,0,6.69062e+07,0,1.78183e+14,8642.93,3.48788e+10,0,438.622,5.6231e+12,3.4201e+15,4.85984e+16,5.16705e+15,1.37027e+15,1.16867e+15,3.14443e+12,6.78816e+08,0,0,0,0,2.81081e+13,4.9229e+15,5.07355e+14,2.81662e+08,44857.9,7.00894e+07,0,1.92e+25,4.8e+24,6.8546e+23,7.10182e-07,15875
0,0,0,0,0,8.95861e+12,7.6043e+14,8.66011e+09,0,341543,0,0,0,0,0,2.45767e+14,4.19887e+08,1.1604e+07,4.91635e+14,7.84871e+07,3.45346e+14,0,0,0,7.1951e+07,0,1.78182e+14,1551.45,1.47758e+10,0,93.6946,4.10407e+12,3.42003e+15,4.85027e+16,5.16705e+15,1.46612e+15,1.16874e+15,3.14444e+12,7.27985e+08,0,0,0,0,2.81081e+13,4.9229e+15,5.08875e+14,3.01858e+08,45010.4,7.52811e+07,0,1.92e+25,4.8e+24,6.8546e+23,7.60182e-07,16000
0,0,0,0,0,8.95856e+12,7.60426e+14,8.77672e+09,0,341548,0,0,0,0,0,2.45765e+14,4.20502e+08,1.15811e+07,4.91632e+14,7.86288e+07,3.45344e+14,0,0,0,7.6996e+07,0,1.78182e+14,318.046,6.25952e+09,0,25.4792,2.9957e+12,3.41996e+15,4.84071e+16,5.16704e+15,1.56178e+15,1.16881e+15,3.14445e+12,7.77141e+08,0,0,0,0,2.81081e+13,4.9229e+15,5.09985e+14,3.22053e+08,45112.8,8.04732e+07,0,1.92e+25,4.8e+24,6.8546e+23,8.10182e-07,16125
0,0,0,0,0,8.95851e+12,7.60422e+14,8.89333e+09,0,341553,0,0,0,0,0,2.45764e+14,4.21122e+08,1.15582e+07,4.91629e+14,7.87701e+07,3.45342e+14,0,0,0,8.20413e+07,0,1.78181e+14,80.1847,2.65174e+09,0,0,2.18698e+12,3.4199e+15,4.83117e+16,5.16703e+15,1.65725e+15,1.16888e+15,3.14447e+12,8.26283e+08,0,0,0,0,2.81081e+13,4.92291e+15,5.10795e+14,3.42249e+08,45178.5,8.56655e+07,0,1.92e+25,4.8e+24,6.8546e+23,8.60182e-07,16250
0,0,0,0,0,8.95847e+12,7.60418e+14,8.99408e+09,0,341558,0,0,0,0,0,2.45763e+14,4.21662e+08,1.15385e+07,4.91627e+14,7.8892e+07,3.4534e+14,0,0,0,8.64006e+07,0,1.78181e+14,29.0341,1.25944e+09,0,0,1.6661e+12,3.41983e+15,4.82294e+16,5.16702e+15,1.73959e+15,1.16894e+15,3.14448e+12,8.68731e+08,0,0,0,0,2.81081e+13,4.92291e+15,5.11318e+14,3.59698e+08,45213.7,9.01519e+07,0,1.92e+25,4.8e+24,6.8546e+23,9.03382e-07,16306
0,0,0,0,0,8.95843e+12,7.60414e+14,9.10975e+09,0,341565,0,0,0,0,0,2.45762e+14,4.22283e+08,1.15158e+07,4.91624e+14,7.90317e+07,3.45339e+14,0,0,0,9.14059e+07,0,1.7818e+14,10.5565,5.35638e+08,0,0,1.21943e+12,3.41977e+15,4.81351e+16,5.16701e+15,1.83395e+15,1.16901e+15,3.14449e+12,9.17455e+08,0,0,0,0,2.81081e+13,4.92291e+15,5.11766e+14,3.79732e+08,45235.7,9.53033e+07,0,1.92e+25,4.8e+24,6.8546e+23,9.52982e-07,16368
0,0,0,0,0,8.95766e+12,7.6035e+14,1.09689e+10,0,341744,0,0,0,0,0,2.45742e+14,4.32235e+08,1.11583e+07,4.91579e+14,8.12398e+07,3.45307e+14,0,0,0,1.71888e+08,0,1.78173e+14,0,578.543,0,0,1.23443e+10,3.41865e+15,4.66447e+16,5.16686e+15,3.32553e+15,1.17012e+15,3.14466e+12,1.6987e+09,7843.93,0,0,0,2.81081e+13,4.92293e+15,5.12996e+14,7.01737e+08,44893.6,1.78141e+08,0,1.92e+25,4.8e+24,6.8546e+23,1.75018e-06,17500
0,0,0,0,0,8.95682e+12,7.60279e+14,1.30268e+10,17.2047,342113,0,0,0,0,0,2.4572e+14,4.42918e+08,1.07792e+07,4.91531e+14,8.36034e+07,3.45273e+14,0,0,0,2.61045e+08,0,1.78164e+14,0,0,0,0,4.43225e+09,3.41742e+15,4.50486e+16,5.16668e+15,4.92277e+15,1.17136e+15,3.14485e+12,2.5594e+09,27753.7,0,0,0,2.81081e+13,4.92295e+15,5.13029e+14,1.05816e+09,44428.2,2.69925e+08,0,1.92e+25,4.8e+24,6.8546e+23,2.63258e-06,18096
0,0,0,0,0,8.9565e+12,7.60252e+14,1.37954e+10,18.2177,342296,0,0,0,0,0,2.45712e+14,4.46814e+08,1.0651e+07,4.91512e+14,8.4464e+07,3.4526e+14,0,0,0,2.94367e+08,0,1.7816e+14,0,0,0,0,4.40292e+09,3.41696e+15,4.44666e+16,5.16662e+15,5.50526e+15,1.17182e+15,3.14491e+12,2.87984e+09,37292,0,0,0,2.81081e+13,4.92296e+15,5.13038e+14,1.19129e+09,44272.5,3.04234e+08,0,1.92e+25,4.8e+24,6.8546e+23,2.96218e-06,18252
0,0,0,0,0,8.95619e+12,7.60226e+14,1.45641e+10,19.2304,342503,0,0,0,0,0,2.45703e+14,4.50658e+08,1.05582e+07,4.91494e+14,8.53092e+07,3.45248e+14,0,0,0,3.277e+08,0,1.78157e+14,0,0,0,0,4.39636e+09,3.4165e+15,4.38921e+16,5.16655e+15,6.08023e+15,1.17228e+15,3.14498e+12,3.1997e+09,47973.7,0,0,0,2.81081e+13,4.92297e+15,5.13048e+14,1.32443e+09,44126,3.38556e+08,0,1.92e+25,4.8e+24,6.8546e+23,3.29178e-06,18408
0,0,0,0,0,8.95569e+12,7.60184e+14,1.5773e+10,0,342880,0,0,0,0,0,2.4569e+14,4.56604e+08,1.02848e+07,4.91466e+14,8.66328e+07,3.45228e+14,0,0,0,3.80148e+08,0,1.78151e+14,0,0,0,0,4.39071e+09,3.41577e+15,4.30035e+16,5.16645e+15,6.96955e+15,1.173e+15,3.14508e+12,3.70165e+09,67089.1,0,0,0,2.81081e+13,4.92298e+15,5.13063e+14,1.53383e+09,43913.2,3.92565e+08,0,1.92e+25,4.8e+24,6.8546e+23,3.81018e-06,18750
0,0,0,0,0,8.95463e+12,7.60094e+14,1.83553e+10,11.5224,343887,0,0,0,0,0,2.45663e+14,4.69119e+08,1.17264e+07,4.91406e+14,8.91156e+07,3.45185e+14,0,0,2548.02,4.92276e+08,0,1.78138e+14,0,0,0,0,4.37988e+09,3.41423e+15,4.11651e+16,5.16623e+15,8.80951e+15,1.17455e+15,3.1453e+12,4.76938e+09,117388,0,0,0,2.81081e+13,4.92301e+15,5.13094e+14,1.98114e+09,43522.9,5.08052e+08,981.544,1.92e+25,4.8e+24,6.8546e+23,4.91758e-06,19344
0,0,0,0,0,8.95444e+12,7.60078e+14,1.88301e+10,11.9878,344103,0,0,0,0,0,2.45658e+14,4.71105e+08,9.74316e+06,4.91395e+14,8.98452e+07,3.45178e+14,0,0,3224.72,5.12904e+08,0,1.78136e+14,0,0,0,0,4.37794e+09,3.41394e+15,4.08357e+16,5.16619e+15,9.13914e+15,1.17483e+15,3.14534e+12,4.96503e+09,128040,0,0,0,2.81081e+13,4.92302e+15,5.131e+14,2.06338e+09,43459.8,5.29302e+08,1244.06,1.92e+25,4.8e+24,6.8546e+23,5.12118e-06,19422
0,0,0,0,0,8.95341e+12,7.59992e+14,2.13326e+10,13.5752,345390,0,0,0,0,0,2.45631e+14,4.82425e+08,9.36732e+06,4.91337e+14,9.23473e+07,3.45137e+14,0,0,7239.48,6.21707e+08,0,1.78123e+14,0,0,0,0,4.36793e+09,3.41245e+15,3.91428e+16,5.16598e+15,1.08336e+16,1.17633e+15,3.14553e+12,5.99302e+09,191398,0,0,0,2.81081e+13,4.92304e+15,5.13131e+14,2.49689e+09,43165.8,6.41395e+08,2801.94,1.92e+25,4.8e+24,6.8546e+23,6.19438e-06,19812
0,0,0,0,0,8.95299e+12,7.59956e+14,2.23717e+10,14.2338,346001,0,0,0,0,0,2.4562e+14,4.86979e+08,9.8418e+06,4.91313e+14,9.32755e+07,3.4512e+14,0,0,9126.94,6.66915e+08,0,1.78117e+14,0,0,0,0,4.36388e+09,3.41182e+15,3.84607e+16,5.16589e+15,1.15163e+16,1.17695e+15,3.14561e+12,6.41826e+09,221267,0,0,0,2.81081e+13,4.92305e+15,5.13143e+14,2.67689e+09,43061.1,6.87979e+08,3534.54,1.92e+25,4.8e+24,6.8546e+23,6.63998e-06,19968
0,0,0,0,0,8.95216e+12,7.59885e+14,2.44077e+10,15.5238,347325,0,0,0,0,0,2.45598e+14,4.95683e+08,9.50762e+06,4.91266e+14,9.52055e+07,3.45087e+14,0,0,13199.4,7.55564e+08,0,1.78106e+14,0,0,0,0,4.35614e+09,3.41061e+15,3.71583e+16,5.16572e+15,1.28199e+16,1.17817e+15,3.14577e+12,7.24892e+09,285863,0,0,0,2.81081e+13,4.92308e+15,5.13168e+14,3.02961e+09,42881.9,7.79336e+08,5115.52,1.92e+25,4.8e+24,6.8546e+23,7.51318e-06,20280
0,0,0,0,0,8.95132e+12,7.59815e+14,2.64437e+10,16.8129,348818,0,0,0,0,0,2.45576e+14,5.0409e+08,9.18481e+06,4.91219e+14,9.70696e+07,3.45054e+14,0,0,17764.9,8.44287e+08,0,1.78094e+14,0,0,0,0,4.34864e+09,3.40939e+15,3.59001e+16,5.16554e+15,1.40793e+16,1.17938e+15,3.14591e+12,8.07619e+09,358488,0,0,0,2.81081e+13,4.9231e+15,5.13192e+14,3.38234e+09,42733.2,8.70789e+08,6888.34,1.92e+25,4.8e+24,6.8546e+23,8.38638e-06,20592
0,0,0,0,0,8.95049e+12,7.59745e+14,2.84797e+10,18.101,350479,0,0,0,0,0,2.45555e+14,5.12209e+08,8.87298e+06,4.91173e+14,9.88701e+07,3.45022e+14,0,0,22821.3,9.33086e+08,0,1.78082e+14,0,0,0,0,4.34137e+09,3.40817e+15,3.46845e+16,5.16537e+15,1.52961e+16,1.1806e+15,3.14606e+12,8.90015e+09,439147,0,0,0,2.81081e+13,4.92312e+15,5.13217e+14,3.73507e+09,42610.7,9.62337e+08,8852.25,1.92e+25,4.8e+24,6.8546e+23,9.25958e-06,20904
0,0,0,0,0,8.94763e+12,7.59503e+14,3.54759e+10,22.5206,357459,0,0,0,0,0,2.4548e+14,5.38096e+08,7.8809e+06,4.91016e+14,1.04602e+08,3.44911e+14,0,0,43911.8,1.23882e+09,0,1.78039e+14,0,0,0,0,4.318e+09,3.40399e+15,3.08125e+16,5.16478e+15,1.91722e+16,1.18478e+15,3.14653e+12,1.17079e+10,777575,0,0,0,2.81081e+13,4.9232e+15,5.133e+14,4.94728e+09,42344.7,1.27767e+09,17047.2,1.92e+25,4.8e+24,6.8546e+23,1.22604e-05,21868
0,0,0,0,0,8.93379e+12,7.58333e+14,6.94036e+10,43.7973,418557,0,0,0,0,0,2.45118e+14,6.27524e+08,4.13704e+06,4.90281e+14,1.24497e+08,3.44396e+14,0,0,225820,2.73448e+09,0,1.7778e+14,0,0,0,0,4.23318e+09,3.3838e+15,1.73567e+16,5.1619e+15,3.26481e+16,1.20497e+15,3.14818e+12,2.48993e+10,3.76966e+06,0,0,0,2.81081e+13,4.92356e+15,5.13697e+14,1.0828e+10,42504,2.82312e+09,87857,1.92e+25,4.8e+24,6.8546e+23,2.68168e-05,26554
0,0,0,0,0,8.92325e+12,7.5744e+14,9.53421e+10,59.8931,494749,0,0,0,0,0,2.44842e+14,6.68142e+08,2.62876e+06,4.89743e+14,1.33512e+08,3.44017e+14,0,0,451147,3.89248e+09,0,1.77544e+14,0,0,0,0,4.19041e+09,3.36843e+15,1.11947e+16,5.1597e+15,3.88254e+16,1.22034e+15,3.14893e+12,3.46355e+10,7.57774e+06,0,0,0,2.81081e+13,4.92384e+15,5.13994e+14,1.53266e+10,43027,4.02284e+09,175757,1.92e+25,4.8e+24,6.8546e+23,3.79504e-05,30459
0,0,0,0,0,8.92115e+12,7.57261e+14,1.00531e+11,63.095,512975,0,0,0,0,0,2.44787e+14,6.75366e+08,0,4.89637e+14,1.35917e+08,3.43943e+14,0,0,504964,4.12563e+09,0,1.77494e+14,0,0,0,0,4.18343e+09,3.36536e+15,1.0255e+16,5.15926e+15,3.97682e+16,1.2234e+15,3.14904e+12,3.65562e+10,8.49873e+06,0,0,0,2.81081e+13,4.92389e+15,5.14052e+14,1.62267e+10,43138.3,4.26471e+09,196775,1.92e+25,4.8e+24,6.8546e+23,4.0178e-05,31250
0,0,0,0,0,8.9171e+12,7.56918e+14,1.10518e+11,69.2427,550823,0,0,0,0,0,2.44681e+14,6.84756e+08,2.0398e+06,4.89434e+14,1.37182e+08,3.438e+14,0,0,616658,4.57582e+09,0,1.77396e+14,0,0,0,0,4.17114e+09,3.35947e+15,8.66289e+15,5.15841e+15,4.13662e+16,1.22929e+15,3.14923e+12,4.02325e+10,1.04217e+07,0,0,0,2.81081e+13,4.924e+15,5.14165e+14,1.79596e+10,43354.4,4.73205e+09,240420,1.92e+25,4.8e+24,6.8546e+23,4.44664e-05,32802
0,0,0,0,0,8.91303e+12,7.56573e+14,1.20576e+11,75.4101,592586,0,0,0,0,0,2.44574e+14,6.93461e+08,1.71849e+06,4.89231e+14,1.39131e+08,3.43658e+14,0,0,739835,5.03104e+09,0,1.77295e+14,0,0,0,0,4.16012e+09,3.35354e+15,7.30994e+15,5.15756e+15,4.2725e+16,1.23522e+15,3.14939e+12,4.39093e+10,1.25585e+07,0,0,0,2.81081e+13,4.9241e+15,5.14278e+14,1.9705e+10,43573.3,5.20503e+09,288589,1.92e+25,4.8e+24,6.8546e+23,4.87856e-05,34364
0,0,0,0,0,8.91299e+12,7.5657e+14,1.20655e+11,75.4586,592929,0,0,0,0,0,2.44573e+14,6.93527e+08,1.39311e+06,4.89229e+14,1.39186e+08,3.43656e+14,0,0,740847,5.03463e+09,0,1.77295e+14,0,0,0,0,4.16004e+09,3.3535e+15,7.30018e+15,5.15755e+15,4.27348e+16,1.23527e+15,3.14939e+12,4.39382e+10,1.25762e+07,0,0,0,2.81081e+13,4.9241e+15,5.14279e+14,1.97187e+10,43575.1,5.20876e+09,288985,1.92e+25,4.8e+24,6.8546e+23,4.88196e-05,34375
0,0,0,0,0,8.90896e+12,7.56228e+14,1.30632e+11,81.5553,637973,0,0,0,0,0,2.44467e+14,7.00813e+08,1.44781e+06,4.89029e+14,1.40764e+08,3.43516e+14,0,0,873645,5.48808e+09,0,1.77193e+14,0,0,0,0,4.15023e+09,3.34763e+15,6.16914e+15,5.15671e+15,4.38717e+16,1.24114e+15,3.14953e+12,4.7563e+10,1.48968e+07,0,0,0,2.81081e+13,4.9242e+15,5.14391e+14,2.14505e+10,43792.8,5.68029e+09,340955,1.92e+25,4.8e+24,6.8546e+23,5.31048e-05,35926
0,0,0,0,0,8.90489e+12,7.55883e+14,1.40686e+11,87.6775,686956,0,0,0,0,0,2.44361e+14,7.06964e+08,1.21981e+06,4.88829e+14,1.42131e+08,3.43375e+14,0,0,1.01801e+06,5.94691e+09,0,1.77088e+14,0,0,0,0,4.14131e+09,3.34172e+15,5.20722e+15,5.15585e+15,4.48395e+16,1.24704e+15,3.14964e+12,5.1196e+10,1.7437e+07,0,0,0,2.81081e+13,4.92431e+15,5.14503e+14,2.31961e+10,44012.3,6.15783e+09,397493,1.92e+25,4.8e+24,6.8546e+23,5.7424e-05,37488
0,0,0,0,0,8.90082e+12,7.55537e+14,1.5077e+11,93.7952,739673,0,0,0,0,0,2.44254e+14,7.12338e+08,1.0467e+06,4.88628e+14,1.4328e+08,3.43234e+14,0,0,1.17334e+06,6.40895e+09,0,1.76982e+14,0,0,0,0,4.13317e+09,3.33581e+15,4.39384e+15,5.155e+15,4.56588e+16,1.25295e+15,3.14974e+12,5.48213e+10,2.01886e+07,0,0,0,2.81081e+13,4.92441e+15,5.14615e+14,2.49471e+10,44232.3,6.63911e+09,458374,1.92e+25,4.8e+24,6.8546e+23,6.17564e-05,39050
0,0,0,0,0,8.89676e+12,7.55193e+14,1.60821e+11,99.872,795780,0,0,0,0,0,2.44148e+14,7.164e+08,883665,4.8843e+14,1.44228e+08,3.43095e+14,0,0,1.33862e+06,6.87138e+09,0,1.76876e+14,0,0,0,0,4.12574e+09,3.32992e+15,3.71027e+15,5.15415e+15,4.63483e+16,1.25884e+15,3.14982e+12,5.84186e+10,2.31353e+07,0,0,0,2.81081e+13,4.92451e+15,5.14727e+14,2.66928e+10,44451.5,7.1212e+09,523205,1.92e+25,4.8e+24,6.8546e+23,6.60756e-05,40612
0,0,0,0,0,8.89271e+12,7.54849e+14,1.7087e+11,105.926,855407,0,0,0,0,0,2.44041e+14,7.19964e+08,746239,4.88232e+14,1.45022e+08,3.42956e+14,0,0,1.51425e+06,7.33559e+09,0,1.76768e+14,0,0,0,0,4.1189e+09,3.32405e+15,3.13388e+15,5.15329e+15,4.69305e+16,1.26471e+15,3.14989e+12,6.20003e+10,2.62861e+07,0,0,0,2.81081e+13,4.92462e+15,5.14838e+14,2.84386e+10,44670.4,7.60556e+09,592147,1.92e+25,4.8e+24,6.8546e+23,7.03948e-05,42174
0,0,0,0,0,8.88856e+12,7.54497e+14,1.81152e+11,112.844,920042,0,0,0,0,0,2.43933e+14,7.234e+08,534325,4.8803e+14,1.4572e+08,3.42814e+14,0,0,1.70462e+06,7.81243e+09,0,1.76657e+14,0,0,0,0,4.11239e+09,3.31805e+15,2.63751e+15,5.15242e+15,4.74329e+16,1.27071e+15,3.14995e+12,6.56506e+10,2.97218e+07,0,0,0,2.81081e+13,4.92472e+15,5.14952e+14,3.0225e+10,44894.1,8.10352e+09,666930,1.92e+25,4.8e+24,6.8546e+23,7.48144e-05,43750
0,0,0,0,0,8.88244e+12,7.53978e+14,1.96345e+11,121.174,1.02224e+06,0,0,0,0,0,2.43772e+14,7.26499e+08,486592,4.87732e+14,1.46482e+08,3.42605e+14,0,0,2.00559e+06,8.52062e+09,0,1.76493e+14,0,0,0,0,4.10355e+09,3.3092e+15,2.04562e+15,5.15113e+15,4.80336e+16,1.27956e+15,3.15003e+12,7.10209e+10,3.51936e+07,0,0,0,2.81081e+13,4.92488e+15,5.15119e+14,3.28656e+10,45224.2,8.84386e+09,785280,1.92e+25,4.8e+24,6.8546e+23,8.13468e-05,46079
0,0,0,0,0,8.88158e+12,7.53905e+14,1.98495e+11,122.455,1.03734e+06,0,0,0,0,0,2.4375e+14,7.26919e+08,457883,4.8769e+14,1.46577e+08,3.42576e+14,0,0,2.05007e+06,8.62119e+09,0,1.76469e+14,0,0,0,18.9956,4.10236e+09,3.30795e+15,1.97351e+15,5.15095e+15,4.8107e+16,1.28081e+15,3.15004e+12,7.17787e+10,3.60061e+07,0,0,0,2.81081e+13,4.9249e+15,5.15143e+14,3.32394e+10,45270.8,8.94906e+09,802782,1.92e+25,4.8e+24,6.8546e+23,8.22714e-05,46410
0,0,0,0,0,8.8804e+12,7.53805e+14,2.01416e+11,124.193,1.05812e+06,0,0,0,0,0,2.43719e+14,7.27461e+08,444993,4.87633e+14,1.46698e+08,3.42535e+14,0,0,2.11125e+06,8.75795e+09,0,1.76438e+14,0,0,0,0,4.10077e+09,3.30625e+15,1.87966e+15,5.1507e+15,4.82025e+16,1.28251e+15,3.15005e+12,7.28075e+10,3.71252e+07,0,0,0,2.81081e+13,4.92493e+15,5.15175e+14,3.37472e+10,45334.2,9.09216e+09,826859,1.92e+25,4.8e+24,6.8546e+23,8.35276e-05,46860
0,0,0,0,0,8.87218e+12,7.53107e+14,2.2187e+11,136.314,1.21174e+06,0,0,0,0,0,2.43503e+14,7.30484e+08,340702,4.87235e+14,1.47374e+08,3.42256e+14,0,0,2.56366e+06,9.71994e+09,0,1.76214e+14,0,0,0,0,4.09025e+09,3.29438e+15,1.33802e+15,5.14897e+15,4.8756e+16,1.29437e+15,3.15012e+12,7.99865e+10,4.54532e+07,0,0,0,2.81081e+13,4.92513e+15,5.154e+14,3.7304e+10,45777.4,1.00997e+10,1.00507e+06,1.92e+25,4.8e+24,6.8546e+23,9.23256e-05,49984
0,0,0,0,0,8.85989e+12,7.52065e+14,2.52476e+11,154.286,1.46807e+06,0,0,0,0,0,2.43181e+14,7.3321e+08,191576,4.86641e+14,1.47988e+08,3.41839e+14,0,0,3.31862e+06,1.11736e+10,0,1.75877e+14,0,0,0,0,4.07605e+09,3.27669e+15,8.09197e+14,5.14637e+15,4.93025e+16,1.31206e+15,3.15019e+12,9.06545e+10,5.95327e+07,0,0,0,2.81081e+13,4.92544e+15,5.15735e+14,4.2629e+10,46438.6,1.16254e+10,1.30304e+06,1.92e+25,4.8e+24,6.8546e+23,0.000105496,54684
0,0,0,0,0,8.8395e+12,7.50333e+14,3.03443e+11,183.775,1.96435e+06,0,0,0,0,0,2.42646e+14,7.34647e+08,83887.9,4.85657e+14,1.48337e+08,3.41147e+14,0,0,4.7808e+06,1.36318e+10,0,1.75314e+14,0,0,0,0,4.0548e+09,3.24742e+15,3.59682e+14,5.14205e+15,4.97813e+16,1.34133e+15,3.15025e+12,1.08248e+11,8.73342e+07,0,0,0,2.81081e+13,4.92596e+15,5.16291e+14,5.15047e+10,47534.5,1.42141e+10,1.88196e+06,1.92e+25,4.8e+24,6.8546e+23,0.000127445,62496
0,0,0,0,0,8.75989e+12,7.43576e+14,5.03941e+11,294.592,4.73027e+06,0,0,0,0,0,2.40559e+14,7.3099e+08,10051.7,4.81826e+14,1.47618e+08,3.38456e+14,0,0,1.29454e+07,2.37485e+10,0,1.73104e+14,0,0,0,0,3.98002e+09,3.13451e+15,4.34487e+13,5.12503e+15,5.02103e+16,1.45421e+15,3.15032e+12,1.75715e+11,2.51197e+08,0,0,0,2.81081e+13,4.92796e+15,5.18457e+14,8.65279e+10,51785.1,2.49755e+10,5.14746e+06,1.92e+25,4.8e+24,6.8546e+23,0.00021401,93744
0,0,0,0,0,8.75988e+12,7.43575e+14,5.03971e+11,294.608,4.73079e+06,0,0,0,0,0,2.40559e+14,7.30989e+08,10197.5,4.81825e+14,1.47618e+08,3.38456e+14,0,0,1.29469e+07,2.37501e+10,0,1.73104e+14,0,0,0,0,3.98001e+09,3.1345e+15,4.3443e+13,5.12503e+15,5.02104e+16,1.45423e+15,3.15032e+12,1.75725e+11,2.51229e+08,0,0,0,2.81081e+13,4.92796e+15,5.18457e+14,8.65333e+10,51785.7,2.49772e+10,5.14808e+06,1.92e+25,4.8e+24,6.8546e+23,0.000214023,93750
0,0,0,0,0,8.68027e+12,7.36818e+14,7.06944e+11,398.651,8.78615e+06,0,0,0,0,0,2.38473e+14,7.25283e+08,7423.03,4.77995e+14,1.46442e+08,3.35765e+14,0,0,2.4961e+07,3.46947e+10,0,1.70893e+14,0,0,0,0,3.90758e+09,3.02369e+15,3.19471e+13,5.10778e+15,5.03326e+16,1.56502e+15,3.15037e+12,2.41468e+11,5.0995e+08,0,0,0,2.81081e+13,4.92995e+15,5.20619e+14,1.22184e+11,55994,3.6803e+10,1.00267e+07,1.92e+25,4.8e+24,6.8546e+23,0.000302066,125000
0,0,0,0,0,8.64036e+12,7.3343e+14,8.09596e+11,448.3,1.12919e+07,0,0,0,0,0,2.37428e+14,7.22379e+08,6655.2,4.76075e+14,1.4584e+08,3.34417e+14,0,0,3.24062e+07,4.04904e+10,0,1.69786e+14,0,0,0,0,3.87157e+09,2.96893e+15,3.11017e+13,5.09904e+15,5.03882e+16,1.61977e+15,3.1504e+12,2.73791e+11,6.78168e+08,0,0,0,2.81081e+13,4.93095e+15,5.21701e+14,1.40297e+11,58087.3,4.31379e+10,1.30844e+07,1.92e+25,4.8e+24,6.8546e+23,0.000346772,140625
0,0,0,0,0,8.62058e+12,7.31751e+14,8.60692e+11,472.236,1.26486e+07,0,0,0,0,0,2.3691e+14,7.20936e+08,7102.49,4.75124e+14,1.45541e+08,3.33748e+14,0,0,3.64439e+07,4.34391e+10,0,1.69237e+14,0,0,0,0,3.85379e+09,2.94199e+15,3.07873e+13,5.09469e+15,5.04154e+16,1.6467e+15,3.15041e+12,2.89655e+11,7.71572e+08,0,0,0,2.81081e+13,4.93145e+15,5.22237e+14,1.49336e+11,59120.7,4.63794e+10,1.47523e+07,1.92e+25,4.8e+24,6.8546e+23,0.000369073,148428
0,0,0,0,0,8.56162e+12,7.26746e+14,1.01381e+12,541.21,1.71366e+07,0,0,0,0,0,2.35367e+14,7.16624e+08,6977.3,4.72288e+14,1.44644e+08,3.31756e+14,0,0,4.98286e+07,5.25246e+10,0,1.67603e+14,0,0,0,0,3.80107e+09,2.86246e+15,2.99348e+13,5.08163e+15,5.04958e+16,1.72621e+15,3.15046e+12,3.36324e+11,1.09105e+09,0,0,0,2.81081e+13,4.93292e+15,5.23834e+14,1.76515e+11,62184.2,5.64432e+10,2.03252e+07,1.92e+25,4.8e+24,6.8546e+23,0.000436106,171864
0,0,0,0,0,8.52274e+12,7.23446e+14,1.11544e+12,584.69,2.04544e+07,0,0,0,0,0,2.3435e+14,7.13773e+08,6817.52,4.70418e+14,1.4405e+08,3.30442e+14,0,0,5.97496e+07,5.87584e+10,0,1.66525e+14,0,0,0,0,3.76652e+09,2.81066e+15,2.93923e+13,5.07294e+15,5.05481e+16,1.778e+15,3.15049e+12,3.666e+11,1.33678e+09,0,0,0,2.81081e+13,4.93389e+15,5.24886e+14,1.94638e+11,64190.6,6.34128e+10,2.4496e+07,1.92e+25,4.8e+24,6.8546e+23,0.000480782,187488
0,0,0,0,0,8.52271e+12,7.23443e+14,1.11552e+12,584.725,2.04571e+07,0,0,0,0,0,2.34349e+14,7.13771e+08,5635.42,4.70416e+14,1.44049e+08,3.30441e+14,0,0,5.97578e+07,5.87635e+10,0,1.66525e+14,0,0,0,0,3.76649e+09,2.81062e+15,2.93919e+13,5.07293e+15,5.05481e+16,1.77804e+15,3.15049e+12,3.66624e+11,1.33698e+09,0,0,0,2.81081e+13,4.93389e+15,5.24886e+14,1.94653e+11,64192.2,6.34184e+10,2.44994e+07,1.92e+25,4.8e+24,6.8546e+23,0.000480818,187500
0,0,0,0,0,8.48419e+12,7.20174e+14,1.21673e+12,626.229,2.40201e+07,0,0,0,0,0,2.33341e+14,7.1094e+08,6662.17,4.68563e+14,1.43457e+08,3.2914e+14,0,0,7.04349e+07,6.5129e+10,0,1.65458e+14,0,0,0,0,3.73243e+09,2.75979e+15,2.88607e+13,5.06427e+15,5.05995e+16,1.82885e+15,3.15053e+12,3.96231e+11,1.6092e+09,0,0,0,2.81081e+13,4.93486e+15,5.25928e+14,2.12769e+11,66169.2,7.0588e+10,2.90229e+07,1.92e+25,4.8e+24,6.8546e+23,0.000525458,203112
0,0,0,0,0,8.44591e+12,7.16924e+14,1.31779e+12,665.97,2.78281e+07,0,0,0,0,0,2.3234e+14,7.08134e+08,0,4.66722e+14,1.42882e+08,3.27846e+14,0,0,8.18713e+07,7.16403e+10,0,1.64398e+14,0,0,0,0,3.69874e+09,2.70978e+15,2.83382e+13,5.0556e+15,5.065e+16,1.87885e+15,3.15056e+12,4.25273e+11,1.90913e+09,0,0,0,2.81081e+13,4.93581e+15,5.26961e+14,2.30931e+11,68123,7.79754e+10,3.39058e+07,1.92e+25,4.8e+24,6.8546e+23,0.000570196,218750
0,0,0,0,0,8.37065e+12,7.10535e+14,1.51786e+12,739.652,3.60748e+07,0,0,0,0,0,2.30372e+14,7.02553e+08,6173.64,4.63101e+14,1.41697e+08,3.25303e+14,0,0,1.06718e+08,8.49764e+10,0,1.62317e+14,0,0,0,0,3.63301e+09,2.6129e+15,2.73262e+13,5.03838e+15,5.07479e+16,1.97571e+15,3.15064e+12,4.81266e+11,2.58835e+09,0,0,0,2.81081e+13,4.93768e+15,5.28992e+14,2.67109e+11,71931.8,9.32705e+10,4.46388e+07,1.92e+25,4.8e+24,6.8546e+23,0.000659258,249984
0,0,0,0,0,8.37059e+12,7.1053e+14,1.51802e+12,739.706,3.60814e+07,0,0,0,0,0,2.30371e+14,7.02549e+08,10948.8,4.63099e+14,1.41698e+08,3.25301e+14,0,0,1.06739e+08,8.49869e+10,0,1.62316e+14,0,0,0,0,3.63296e+09,2.61283e+15,2.73254e+13,5.03837e+15,5.07479e+16,1.97578e+15,3.15064e+12,4.81308e+11,2.58892e+09,0,0,0,2.81081e+13,4.93768e+15,5.28993e+14,2.67137e+11,71934.7,9.32826e+10,4.46476e+07,1.92e+25,4.8e+24,6.8546e+23,0.000659326,250000
0,0,0,0,0,8.29872e+12,7.0443e+14,1.7107e+12,804.07,4.48723e+07,0,0,0,0,0,2.28493e+14,6.97233e+08,20980.4,4.59641e+14,1.40577e+08,3.22873e+14,0,0,1.33338e+08,9.83787e+10,0,1.6033e+14,0,0,0,0,3.5708e+09,2.52211e+15,2.63777e+13,5.02171e+15,5.08396e+16,2.06648e+15,3.15073e+12,5.33422e+11,3.35473e+09,0,0,0,2.81081e+13,4.93947e+15,5.30929e+14,3.0228e+11,75530.8,1.08857e+11,5.63123e+07,1.92e+25,4.8e+24,6.8546e+23,0.000745774,281232
0,0,0,0,0,8.2272e+12,6.98359e+14,1.90393e+12,864.11,5.44786e+07,0,0,0,0,0,2.26625e+14,6.91878e+08,5662.3,4.56201e+14,1.39441e+08,3.20456e+14,0,0,1.62528e+08,1.12334e+11,0,1.58357e+14,0,0,0,0,3.50952e+09,2.43358e+15,2.54528e+13,5.00493e+15,5.0929e+16,2.15498e+15,3.15082e+12,5.83981e+11,4.23765e+09,0,0,0,2.81081e+13,4.94124e+15,5.32852e+14,3.37841e+11,79068.5,1.2531e+11,6.93049e+07,1.92e+25,4.8e+24,6.8546e+23,0.000833188,312480
0,0,0,0,0,8.22715e+12,6.98355e+14,1.90407e+12,864.15,5.44856e+07,0,0,0,0,0,2.26623e+14,6.91874e+08,6094.08,4.56198e+14,1.3944e+08,3.20454e+14,0,0,1.6255e+08,1.12344e+11,0,1.58355e+14,0,0,0,0,3.50948e+09,2.43352e+15,2.54522e+13,5.00491e+15,5.09291e+16,2.15504e+15,3.15082e+12,5.84016e+11,4.23831e+09,0,0,0,2.81081e+13,4.94125e+15,5.32853e+14,3.37866e+11,79071,1.25322e+11,6.93145e+07,1.92e+25,4.8e+24,6.8546e+23,0.00083325,312500
0,0,0,0,0,8.1742e+12,6.9386e+14,2.04805e+12,904.89,6.21337e+07,0,0,0,0,0,2.25241e+14,6.87912e+08,7076.95,4.53651e+14,1.38598e+08,3.18665e+14,0,0,1.85875e+08,1.23078e+11,0,1.56896e+14,0,0,0,0,3.46449e+09,2.3691e+15,2.47792e+13,4.99235e+15,5.09942e+16,2.21944e+15,3.15089e+12,6.20619e+11,4.97404e+09,0,0,0,2.81081e+13,4.94256e+15,5.34275e+14,3.64584e+11,81663.6,1.38126e+11,7.9833e+07,1.92e+25,4.8e+24,6.8546e+23,0.000898884,335916
0,0,0,0,0,7.55793e+12,6.41548e+14,3.77036e+12,1188.31,1.80851e+08,0,0,0,0,0,2.09183e+14,6.40956e+08,3243.56,4.23976e+14,1.28472e+08,2.9782e+14,0,0,5.56101e+08,2.7213e+11,0,1.40002e+14,22.4742,0,0,0,2.96427e+09,1.68995e+15,1.76836e+13,4.83675e+15,5.16805e+16,2.89838e+15,3.15193e+12,9.96915e+11,1.97336e+10,0,0,0,2.81081e+13,4.95766e+15,5.50706e+14,7.02176e+11,110053,3.28487e+11,2.60625e+08,1.92e+25,4.8e+24,6.8546e+23,0.00172536,625000
0,0,0,0,0,6.90086e+12,5.85773e+14,5.66031e+12,1170.5,3.54426e+08,0,0,0,0,0,1.92116e+14,5.89345e+08,2427.16,3.92238e+14,1.17089e+08,2.75525e+14,14.2305,0,1.12079e+09,4.76213e+11,0,1.22221e+14,31.0231,0,0,0,2.47794e+09,1.10882e+15,1.16111e+13,4.64933e+15,5.22682e+16,3.47937e+15,3.15332e+12,1.30561e+12,5.23006e+10,0,0,0,2.81081e+13,4.97337e+15,5.67983e+14,1.12607e+12,136344,6.25086e+11,5.81236e+08,1.92e+25,4.8e+24,6.8546e+23,0.00275661,937500
0,0,0,0,0,6.61077e+12,5.61149e+14,6.49631e+12,1088.23,4.41664e+08,0,0,0,0,0,1.84595e+14,5.66117e+08,1734.01,3.78172e+14,1.11905e+08,2.65645e+14,0,0,1.4144e+09,5.79558e+11,0,1.14466e+14,34.2018,0,0,0,2.27845e+09,8.98217e+14,9.41022e+12,4.55835e+15,5.24814e+16,3.68996e+15,3.15397e+12,1.4152e+12,7.4057e+10,0,0,0,2.81081e+13,4.98014e+15,5.75531e+14,1.33897e+12,146544,7.91261e+11,7.69423e+08,1.92e+25,4.8e+24,6.8546e+23,0.00327222,1093750
0,0,0,0,0,6.34254e+12,5.38381e+14,7.2634e+12,985.679,5.26243e+08,0,0,0,0,0,1.77646e+14,5.44426e+08,1356.29,3.65126e+14,1.0704e+08,2.56481e+14,0,0,1.70536e+09,6.81613e+11,0,1.07354e+14,36.7752,0,0,0,2.10218e+09,7.27652e+14,7.62752e+12,4.46915e+15,5.26542e+16,3.86056e+15,3.15456e+12,1.50377e+12,9.90981e+10,0,0,0,2.81081e+13,4.98629e+15,5.82469e+14,1.55243e+12,155187,9.6646e+11,9.71501e+08,1.92e+25,4.8e+24,6.8546e+23,0.00378785,1250000
0,0,0,0,0,5.86266e+12,4.97647e+14,8.60777e+12,766.767,6.8353e+08,0,0,0,0,0,1.65224e+14,5.05171e+08,741.302,3.4167e+14,9.82027e+07,2.40004e+14,0,0,2.26351e+09,8.7821e+11,0,9.47985e+13,40.4395,0,0,0,1.80619e+09,4.7764e+14,5.01406e+12,4.29593e+15,5.29078e+16,4.11073e+15,3.15556e+12,1.63565e+12,1.57834e+11,0,0,0,2.81081e+13,4.99698e+15,5.94777e+14,1.98083e+12,168764,1.33754e+12,1.40764e+09,1.92e+25,4.8e+24,6.8546e+23,0.00481911,1562500
0,0,0,0,0,5.46583e+12,4.63963e+14,9.678e+12,578.31,8.16169e+08,0,0,0,0,0,1.54957e+14,4.72343e+08,526.916,3.22133e+14,9.08012e+07,2.26281e+14,0,0,2.75243e+09,1.05266e+12,0,8.4606e+13,42.5129,0,0,11.6079,1.57987e+09,3.20408e+14,3.37004e+12,4.13771e+15,5.30677e+16,4.26823e+15,3.15627e+12,1.72357e+12,2.22518e+11,0,0,0,2.81081e+13,5.00544e+15,6.04856e+14,2.38909e+12,178216,1.70817e+12,1.85094e+09,1.92e+25,4.8e+24,6.8546e+23,0.00579812,1875000
0,0,0,0,0,5.31205e+12,4.50909e+14,1.00796e+13,508.453,8.67594e+08,0,0,0,0,0,1.50978e+14,4.59547e+08,436.282,3.14522e+14,8.79186e+07,2.20934e+14,0,0,2.94672e+09,1.12278e+12,0,8.07096e+13,43.0777,0,0,0,1.49658e+09,2.70479e+14,2.84787e+12,4.0723e+15,5.31186e+16,4.31829e+15,3.15652e+12,1.75356e+12,2.52158e+11,0,0,0,2.81081e+13,5.00861e+15,6.08737e+14,2.56287e+12,181468,1.86947e+12,2.04579e+09,1.92e+25,4.8e+24,6.8546e+23,0.00621386,2031250
0,0,0,0,0,5.02739e+12,4.26746e+14,1.08003e+13,388.379,9.62231e+08,0,0,0,0,0,1.43612e+14,4.35768e+08,293.586,3.00364e+14,8.25721e+07,2.10989e+14,0,0,3.31145e+09,1.25585e+12,0,7.35862e+13,43.7694,0,0,11.2636,1.3488e+09,1.92817e+14,2.03546e+12,3.94455e+15,5.3198e+16,4.39626e+15,3.15692e+12,1.80442e+12,3.14664e+11,0,0,0,2.81081e+13,5.0143e+15,6.15884e+14,2.91104e+12,186921,2.19728e+12,2.44504e+09,1.92e+25,4.8e+24,6.8546e+23,0.00704535,2343750
0,0,0,0,0,4.89543e+12,4.15544e+14,1.11235e+13,337.801,1.00571e+09,0,0,0,0,0,1.40197e+14,4.24709e+08,246.256,2.93768e+14,8.00919e+07,2.06356e+14,0,0,3.48222e+09,1.31885e+12,0,7.03266e+13,43.9349,0,0,0,1.28309e+09,1.62835e+14,1.72173e+12,3.88219e+15,5.32288e+16,4.4264e+15,3.15708e+12,1.82635e+12,3.47309e+11,0,0,0,2.81081e+13,5.01684e+15,6.1918e+14,3.08541e+12,189213,2.36328e+12,2.64883e+09,1.92e+25,4.8e+24,6.8546e+23,0.00746109,2500000
0,0,0,0,0,4.83182e+12,4.10145e+14,1.12766e+13,314.721,1.02656e+09,0,0,0,0,0,1.3855e+14,4.19372e+08,224.022,2.9058e+14,7.88968e+07,2.04117e+14,14.0418,0,3.56481e+09,1.34949e+12,0,6.87659e+13,43.9798,0,0,0,1.25204e+09,1.4965e+14,1.58374e+12,3.85138e+15,5.32423e+16,4.43967e+15,3.15715e+12,1.83663e+12,3.63936e+11,0,0,0,2.81081e+13,5.01805e+15,6.20765e+14,3.17266e+12,190267,2.44671e+12,2.75166e+09,1.92e+25,4.8e+24,6.8546e+23,0.00766896,2578125
0,0,0,0,0,4.64985e+12,3.94698e+14,1.17044e+13,253.641,1.08575e+09,0,0,0,0,0,1.33839e+14,4.0408e+08,169.324,2.81431e+14,7.54802e+07,1.9769e+14,15.0773,0,3.80185e+09,1.43805e+12,0,6.43405e+13,43.9841,0,0,0,1.16544e+09,1.16197e+14,1.23355e+12,3.76042e+15,5.32768e+16,4.47339e+15,3.15734e+12,1.86522e+12,4.14902e+11,0,0,0,2.81081e+13,5.0214e+15,6.25286e+14,3.43466e+12,193111,2.69849e+12,3.06362e+09,1.92e+25,4.8e+24,6.8546e+23,0.00829258,2812500
0,0,0,0,0,4.42608e+12,3.75704e+14,1.22091e+13,188.984,1.15752e+09,0,0,0,0,0,1.28042e+14,3.85235e+08,112.432,2.70115e+14,7.12884e+07,1.89741e+14,16.3449,0,4.09424e+09,1.54866e+12,0,5.89847e+13,43.7408,0,0,0,1.06343e+09,8.29984e+13,8.85839e+11,3.64247e+15,5.33113e+16,4.50696e+15,3.15753e+12,1.8993e+12,4.85009e+11,0,0,0,2.81081e+13,5.02534e+15,6.30814e+14,3.78451e+12,196284,3.03698e+12,3.48695e+09,1.92e+25,4.8e+24,6.8546e+23,0.00912407,3125000
0,0,0,0,0,4.32149e+12,3.66826e+14,1.24364e+13,162.772,1.19066e+09,0,0,0,0,0,1.25331e+14,3.76415e+08,96.994,2.64799e+14,6.93347e+07,1.86007e+14,0,0,4.231e+09,1.60093e+12,0,5.65169e+13,43.535,0,0,0,1.01743e+09,7.01801e+13,7.51507e+11,3.58489e+15,5.33247e+16,4.51997e+15,3.15761e+12,1.91506e+12,5.20822e+11,0,0,0,2.81081e+13,5.0271e+15,6.33386e+14,3.95963e+12,197654,3.20717e+12,3.7015e+09,1.92e+25,4.8e+24,6.8546e+23,0.00953981,3281250
0,0,0,0,0,3.95322e+12,3.35566e+14,1.31902e+13,90.0525,1.30519e+09,0,0,0,0,0,1.15778e+14,3.45314e+08,47.9547,2.45929e+14,6.24956e+07,1.72751e+14,18.9798,0,4.71164e+09,1.78752e+12,0,4.80276e+13,42.3587,0,0,0,8.63847e+08,3.66033e+13,3.99239e+11,3.36859e+15,5.33603e+16,4.55429e+15,3.15782e+12,1.97148e+12,6.64243e+11,0,0,0,2.81081e+13,5.03282e+15,6.42374e+14,4.64472e+12,201983,3.87615e+12,4.55635e+09,1.92e+25,4.8e+24,6.8546e+23,0.0111637,3906250
0,0,0,0,0,3.6129e+12,3.06677e+14,1.38184e+13,47.1598,1.40831e+09,0,0,0,0,0,1.06936e+14,3.16537e+08,23.0421,2.28254e+14,5.6252e+07,1.60336e+14,10.413,0,5.15256e+09,1.96285e+12,0,4.04991e+13,40.6782,0,0,0,7.33348e+08,1.82482e+13,2.06082e+11,3.14792e+15,5.33806e+16,4.57344e+15,3.15793e+12,2.02783e+12,8.24339e+11,0,0,0,2.81081e+13,5.03733e+15,6.50575e+14,5.39213e+12,205423,4.60938e+12,5.51499e+09,1.92e+25,4.8e+24,6.8546e+23,0.0129317,4687500
0,0,0,0,0,3.11562e+12,2.64467e+14,1.46089e+13,14.9602,1.55606e+09,0,0,0,0,0,9.39855e+13,2.74491e+08,0,2.01941e+14,4.73169e+07,1.41853e+14,0,0,5.78731e+09,2.2227e+12,0,3.01675e+13,37.2928,0,0,0,5.62002e+08,5.55274e+12,7.13743e+10,2.78388e+15,5.33963e+16,4.58747e+15,3.15801e+12,2.12572e+12,1.11751e+12,0,0,0,2.81081e+13,5.04219e+15,6.62322e+14,6.75067e+12,209775,5.94565e+12,7.32308e+09,1.92e+25,4.8e+24,6.8546e+23,0.016139,6250000
0,0,0,0,0,2.57673e+12,2.18723e+14,1.52801e+13,0,1.71778e+09,0,0,0,0,0,7.98969e+13,2.29013e+08,0,1.72615e+14,3.79793e+07,1.21253e+14,13.0869,0,6.45945e+09,2.50717e+12,0,2.01083e+13,32.5434,0,0,0,4.01801e+08,1.46408e+12,2.6394e+10,2.32417e+15,5.34041e+16,4.59319e+15,3.15802e+12,2.26881e+12,1.54008e+12,0,0,0,2.81081e+13,5.04418e+15,6.74593e+14,8.74892e+12,213927,7.91345e+12,1.01351e+10,1.92e+25,4.8e+24,6.8546e+23,0.0208498,9375000
0,0,0,0,0,2.19084e+12,1.85968e+14,1.56283e+13,0,1.84105e+09,0,0,0,0,0,6.97621e+13,1.96558e+08,0,1.50964e+14,3.15852e+07,1.06044e+14,14.0426,0,6.93179e+09,2.71086e+12,0,1.38361e+13,28.568,0,0,0,3.03239e+08,7.91098e+11,1.77524e+10,1.94775e+15,5.34079e+16,4.59504e+15,3.15801e+12,2.41085e+12,1.93496e+12,0,0,0,2.81081e+13,5.04252e+15,6.82918e+14,1.07054e+13,216654,9.84129e+12,1.30677e+10,1.92e+25,4.8e+24,6.8546e+23,0.0254623,12500000
0,0,0,0,0,1.94558e+12,1.65148e+14,1.57834e+13,0,1.92642e+09,0,0,0,0,0,6.32937e+13,1.75995e+08,0,1.36859e+14,2.76775e+07,9.6136e+13,14.6467,0,7.23072e+09,2.83911e+12,0,1.03435e+13,25.8333,0,0,0,2.47595e+08,6.42637e+11,1.51909e+10,1.68714e+15,5.34102e+16,4.59589e+15,3.15799e+12,2.52777e+12,2.23985e+12,0,0,0,2.81081e+13,5.03956e+15,6.879e+14,1.22946e+13,218274,1.14082e+13,1.55834e+10,1.92e+25,4.8e+24,6.8546e+23,0.0292123,14062500
0,0,0,0,0,1.74418e+12,1.48053e+14,1.58658e+13,0,2.00302e+09,0,0,0,0,0,5.79626e+13,1.59155e+08,0,1.25046e+14,2.4573e+07,8.78378e+13,15.1466,0,7.47816e+09,2.94275e+12,0,7.80543e+12,23.4833,0,0,0,2.05983e+08,5.67083e+11,1.3583e+10,1.46142e+15,5.34123e+16,4.59645e+15,3.15797e+12,2.64578e+12,2.53009e+12,0,0,0,2.81081e+13,5.03565e+15,6.91736e+14,1.38816e+13,219518,1.29741e+13,1.82174e+10,1.92e+25,4.8e+24,6.8546e+23,0.0329623,15625000
0,0,0,0,0,1.57595e+12,1.33773e+14,1.58983e+13,0,2.07325e+09,0,0,0,0,0,5.34929e+13,1.4512e+08,0,1.15001e+14,2.2059e+07,8.07818e+13,15.572,0,7.68889e+09,3.02735e+12,0,5.93644e+12,21.4564,0,0,0,1.74053e+08,5.13457e+11,1.23485e+10,1.2659e+15,5.34141e+16,4.59681e+15,3.15796e+12,2.7647e+12,2.80619e+12,0,0,0,2.81081e+13,5.03106e+15,6.94704e+14,1.54658e+13,220477,1.45387e+13,2.097e+10,1.92e+25,4.8e+24,6.8546e+23,0.0367123,17187500
0,0,0,0,0,1.43341e+12,1.21673e+14,1.58952e+13,0,2.13862e+09,0,0,0,0,0,4.96911e+13,1.33252e+08,0,1.06352e+14,1.99891e+07,7.47061e+13,15.9433,0,7.87297e+09,3.09691e+12,0,4.54499e+12,19.6977,0,0,0,1.49018e+08,4.69683e+11,1.13274e+10,1.09655e+15,5.34158e+16,4.59701e+15,3.15795e+12,2.88439e+12,3.06893e+12,0,0,0,2.81081e+13,5.026e+15,6.97e+14,1.7047e+13,221215,1.61017e+13,2.38417e+10,1.92e+25,4.8e+24,6.8546e+23,0.0404623,18750000
0,0,0,0,0,1.31116e+12,1.11297e+14,1.5866e+13,0,2.2001e+09,0,0,0,0,0,4.64179e+13,1.23089e+08,0,9.88251e+13,1.82598e+07,6.94192e+13,16.2747,0,8.0374e+09,3.15435e+12,0,3.49953e+12,18.162,0,0,0,1.29027e+08,4.32259e+11,1.04588e+10,9.49863e+14,5.34173e+16,4.59705e+15,3.15794e+12,3.00474e+12,3.31915e+12,0,0,0,2.81081e+13,5.0206e+15,6.98764e+14,1.86249e+13,221777,1.7663e+13,2.68327e+10,1.92e+25,4.8e+24,6.8546e+23,0.0442123,20312500
0,0,0,0,0,1.20523e+12,1.02304e+14,1.58174e+13,0,2.25834e+09,0,0,0,0,0,4.357e+13,1.14291e+08,0,9.22166e+13,1.67964e+07,6.47771e+13,16.576,0,8.18715e+09,3.20189e+12,0,2.70788e+12,16.8122,0,0,0,1.12809e+08,3.99704e+11,9.70945e+09,8.22802e+14,5.34187e+16,4.59697e+15,3.15792e+12,3.12566e+12,3.55771e+12,0,0,0,2.81081e+13,5.01496e+15,7.00101e+14,2.01992e+13,222197,1.92224e+13,2.9943e+10,1.92e+25,4.8e+24,6.8546e+23,0.0479623,21875000
0,0,0,0,0,1.11259e+12,9.44413e+13,1.57539e+13,0,2.3138e+09,0,0,0,0,0,4.10695e+13,1.06603e+08,0,8.63687e+13,1.55436e+07,6.06693e+13,16.8547,0,8.32579e+09,3.24125e+12,0,2.10439e+12,15.6184,0,0,0,9.94728e+07,3.71114e+11,9.05646e+09,7.12741e+14,5.34201e+16,4.59678e+15,3.15791e+12,3.24708e+12,3.78543e+12,0,0,0,2.81081e+13,5.00914e+15,7.01089e+14,2.177e+13,222502,2.07799e+13,3.31728e+10,1.92e+25,4.8e+24,6.8546e+23,0.0517123,23437500
0,0,0,0,0,1.03095e+12,8.75112e+13,1.5679e+13,0,2.36681e+09,0,0,0,0,0,3.88563e+13,9.98291e+07,0,8.11588e+13,1.44601e+07,5.70096e+13,17.1159,0,8.45596e+09,3.27377e+12,0,1.64166e+12,14.5563,0,0,0,8.83727e+07,3.45826e+11,8.48276e+09,6.17404e+14,5.34213e+16,4.5965e+15,3.1579e+12,3.36891e+12,4.00308e+12,0,0,0,2.81081e+13,5.00318e+15,7.0179e+14,2.3337e+13,222710,2.23353e+13,3.65222e+10,1.92e+25,4.8e+24,6.8546e+23,0.0554623,25000000
0,0,0,0,0,9.58492e+11,8.13607e+13,1.5595e+13,0,2.41761e+09,0,0,0,0,0,3.68836e+13,9.38161e+07,0,7.64892e+13,1.35142e+07,5.37294e+13,17.3636,0,8.57956e+09,3.30054e+12,0,1.28505e+12,13.6064,0,0,0,7.90354e+07,3.23316e+11,7.97504e+09,5.34822e+14,5.34224e+16,4.59612e+15,3.15789e+12,3.49112e+12,4.21136e+12,0,0,0,2.81081e+13,4.99713e+15,7.02252e+14,2.49002e+13,222838,2.38886e+13,3.99912e+10,1.92e+25,4.8e+24,6.8546e+23,0.0592123,26562500
0,0,0,0,0,8.93788e+11,7.58683e+13,1.5504e+13,0,2.46638e+09,0,0,0,0,0,3.51141e+13,8.84437e+07,0,7.22815e+13,1.26816e+07,5.07738e+13,17.6007,0,8.69805e+09,3.32241e+12,0,1.00897e+12,12.7523,0,0,0,7.11065e+07,3.03166e+11,7.52277e+09,4.63287e+14,5.34235e+16,4.59566e+15,3.15789e+12,3.61366e+12,4.41093e+12,0,0,0,2.81081e+13,4.99101e+15,7.0251e+14,2.64596e+13,222898,2.54397e+13,4.35798e+10,1.92e+25,4.8e+24,6.8546e+23,0.0629623,28125000
0,0,0,0,0,8.35687e+11,7.09364e+13,1.54075e+13,0,2.51327e+09,0,0,0,0,0,3.35178e+13,8.36153e+07,0,6.84717e+13,1.19431e+07,4.80976e+13,17.8294,0,8.81247e+09,3.34011e+12,0,7.94393e+11,11.981,0,0,0,6.43162e+07,2.85032e+11,7.11751e+09,4.01322e+14,5.34245e+16,4.59514e+15,3.15788e+12,3.73648e+12,4.60238e+12,0,0,0,2.81081e+13,4.98484e+15,7.02598e+14,2.8015e+13,222900,2.69886e+13,4.72878e+10,1.92e+25,4.8e+24,6.8546e+23,0.0667123,29687500
0,0,0,0,0,7.83255e+11,6.64858e+13,1.53064e+13,0,2.55838e+09,0,0,0,0,0,3.20705e+13,7.92527e+07,0,6.50072e+13,1.12836e+07,4.5664e+13,18.0512,0,8.92365e+09,3.35422e+12,0,6.27012e+11,11.2815,0,0,0,5.84564e+07,2.68635e+11,6.75241e+09,3.47645e+14,5.34255e+16,4.59455e+15,3.15787e+12,3.85954e+12,4.78623e+12,0,0,0,2.81081e+13,4.97864e+15,7.02538e+14,2.95666e+13,222853,2.85352e+13,5.11153e+10,1.92e+25,4.8e+24,6.8546e+23,0.0704623,31250000
0,0,0,0,0,7.35727e+11,6.24515e+13,1.52019e+13,0,2.60183e+09,0,0,0,0,0,3.07522e+13,7.52921e+07,0,6.18442e+13,1.0691e+07,4.34422e+13,18.2675,0,9.03217e+09,3.36523e+12,0,4.96025e+11,10.6445,0,0,0,5.33645e+07,2.53744e+11,6.4219e+09,3.01149e+14,5.34264e+16,4.5939e+15,3.15786e+12,3.98282e+12,4.963e+12,0,0,0,2.81081e+13,4.97241e+15,7.02351e+14,3.11143e+13,222762,3.00796e+13,5.5062e+10,1.92e+25,4.8e+24,6.8546e+23,0.0742123,32812500
0,0,0,0,0,6.92468e+11,5.87794e+13,1.50945e+13,0,2.64367e+09,0,0,0,0,0,2.95463e+13,7.16807e+07,0,5.8946e+13,1.01555e+07,4.14063e+13,18.4791,0,9.13849e+09,3.37355e+12,0,3.93221e+11,10.0623,0,0,0,4.89119e+07,2.40164e+11,6.12135e+09,2.60872e+14,5.34272e+16,4.5932e+15,3.15786e+12,4.10628e+12,5.13311e+12,0,0,0,2.81081e+13,4.96617e+15,7.02054e+14,3.26581e+13,222634,3.16217e+13,5.9128e+10,1.92e+25,4.8e+24,6.8546e+23,0.0779623,34375000
0,0,0,0,0,6.52948e+11,5.54248e+13,1.49849e+13,0,2.68398e+09,0,0,0,0,0,2.8439e+13,6.83745e+07,0,5.62815e+13,9.66915e+06,3.95347e+13,18.6867,0,9.24296e+09,3.37955e+12,0,3.12321e+11,0,0,0,0,4.49959e+07,2.27735e+11,5.84693e+09,2.25982e+14,5.3428e+16,4.59245e+15,3.15785e+12,4.22991e+12,5.297e+12,0,0,0,2.81081e+13,4.95992e+15,7.01661e+14,3.41979e+13,222473,3.31614e+13,6.33128e+10,1.92e+25,4.8e+24,6.8546e+23,0.0817123,35937500
0,0,0,0,0,6.1672e+11,5.23497e+13,1.48736e+13,0,2.72281e+09,0,0,0,0,0,2.74186e+13,6.53367e+07,0,5.38244e+13,9.22529e+06,3.78087e+13,18.8909,0,9.34583e+09,3.3835e+12,0,2.48504e+11,0,0,0,0,4.15335e+07,2.1632e+11,5.59544e+09,1.95759e+14,5.34288e+16,4.59166e+15,3.15784e+12,4.35368e+12,5.45502e+12,0,0,0,2.81081e+13,4.95366e+15,7.01184e+14,3.57338e+13,222284,3.46988e+13,6.76165e+10,1.92e+25,4.8e+24,6.8546e+23,0.0854623,37500000
0,0,0,0,0,5.83408e+11,4.9522e+13,1.4761e+13,0,2.76022e+09,0,0,0,0,0,2.64753e+13,6.25362e+07,0,5.1552e+13,8.81852e+06,3.62124e+13,19.092,0,9.44728e+09,3.38568e+12,0,1.9805e+11,0,0,0,0,3.84574e+07,2.05803e+11,5.36417e+09,1.69578e+14,5.34295e+16,4.59083e+15,3.15784e+12,4.47756e+12,5.60752e+12,0,0,0,2.81081e+13,4.9474e+15,7.00633e+14,3.72658e+13,222069,3.62339e+13,7.20389e+10,1.92e+25,4.8e+24,6.8546e+23,0.0892123,39062500
0,0,0,0,0,5.52687e+11,4.69143e+13,1.46474e+13,0,2.79624e+09,0,0,0,0,0,2.56006e+13,5.99464e+07,0,4.94448e+13,8.4443e+06,3.47323e+13,19.2904,0,9.54747e+09,3.38629e+12,0,1.5808e+11,0,0,0,0,3.5712e+07,1.96085e+11,5.15082e+09,1.46899e+14,5.34302e+16,4.58996e+15,3.15783e+12,4.60155e+12,5.75481e+12,0,0,0,2.81081e+13,4.94115e+15,7.00017e+14,3.87939e+13,221831,3.77666e+13,7.65796e+10,1.92e+25,4.8e+24,6.8546e+23,0.0929623,40625000
0,0,0,0,0,5.24281e+11,4.45031e+13,1.45331e+13,0,2.83091e+09,0,0,0,0,0,2.47873e+13,5.75446e+07,0,4.7486e+13,8.09878e+06,3.33563e+13,19.4862,0,9.64649e+09,3.38553e+12,0,1.26356e+11,0,0,0,0,3.32516e+07,1.87081e+11,4.95342e+09,1.27253e+14,5.34309e+16,4.58906e+15,3.15782e+12,4.72561e+12,5.89719e+12,0,0,0,2.81081e+13,4.9349e+15,6.99342e+14,4.0318e+13,221574,3.92969e+13,8.12384e+10,1.92e+25,4.8e+24,6.8546e+23,0.0967123,42187500
